{
  "center": {
    "add": [
      6.471694996487321,
      0.03920625866856698,
      5.8043392796302316,
      0.0007551612610700802,
      0.1099875981090017,
      0.0005023640362649701,
      5.899668734052708,
      2.170653743570792
    ],
    "div": [
      16.519804704187468,
      2.5833051501645174,
      3.6311170011715377,
      0.22818662088688732,
      1.3869420134470105,
      0.3044593700007968,
      2.6199955254083207,
      0.447912625738853
    ]
  },
  "neighbor": {
    "add": [
      2.5079516781760276,
      0.41963026022067385,
      2.2668915125142264,
      0.037631888525380394,
      0.0792344538199488,
      -0.0029059198397213917,
      5.157073564319395,
      2.028270482921292
    ],
    "div": [
      18.378512978712457,
      12.272051429906568,
      3.607623677881715,
      1.8687724897416753,
      0.8916121843763003,
      2.066041271348661,
      1.9445543698709056,
      0.3714399124668793
    ]
  }
}